emp_id,name,email,department,salary,hire_date,location,remote,performance_score,projects_completed
1,Priya Ahmed,priya.ahmed1@example.com,Sales,60275,2021-01-01,"Dhaka,BD",sometimes,3.1,6
2,Jamal Singh,jamal.singh2@example.com,Sales,68438,2018-10-18,"Dhaka,BD",sometimes,3.9,12
3,Fatima Raza,fatima.raza3@example.com,Customer Success,52437,2018-10-13,"Remote,PK",no,3.7,16
4,Jamal Ahmed,jamal.ahmed4@example.com,Design,68461,2019-07-04,"Dhaka,BD",sometimes,3.3,20
5,Omar Yamada,omar.yamada5@example.com,HR,31007,2018-02-28,"Islamabad,PK",sometimes,4.1,9
6,Rana Hassan,rana.hassan6@example.com,Engineering,78283,2023-08-25,"Islamabad,PK",yes,3.7,6
7,Khadija Singh,khadija.singh7@example.com,Product,90705,2022-07-06,"Hyderabad,PK",sometimes,2.6,2
8,Elena Iqbal,elena.iqbal8@example.com,Marketing,43366,2017-06-09,"Dhaka,BD",sometimes,3.4,14
9,Nadia Singh,nadia.singh9@example.com,Customer Success,71475,2024-03-15,"Karachi,PK",sometimes,3.4,12
10,Gopal Sharma,gopal.sharma10@example.com,Sales,36665,2021-11-07,"Islamabad,PK",sometimes,1.9,16
11,Khadija Patel,khadija.patel11@example.com,HR,43465,2024-08-05,"Hyderabad,PK",yes,3.4,3
12,Omar Lopez,omar.lopez12@example.com,Customer Success,64783,2019-12-14,"Islamabad,PK",sometimes,3.0,1
13,Gopal Kaur,gopal.kaur13@example.com,Design,63216,2016-04-16,"Istanbul,TR",sometimes,2.9,17
14,Jamal Cruz,jamal.cruz14@example.com,Design,66804,2016-07-30,"Hyderabad,PK",no,4.4,7
15,Bilal Zhang,bilal.zhang15@example.com,Customer Success,52045,2023-11-16,"London,UK",yes,3.1,2
16,Nadia Hussain,nadia.hussain16@example.com,Product,78921,2022-08-19,"Hyderabad,PK",yes,2.0,14
17,Omar Zhang,omar.zhang17@example.com,HR,39738,2023-02-16,"Istanbul,TR",no,4.8,12
18,Nadia Hassan,nadia.hassan18@example.com,Engineering,65231,2015-01-22,"San Francisco,US",yes,2.2,9
19,Nadia Zhang,nadia.zhang19@example.com,Engineering,81184,2023-11-20,"Dhaka,BD",sometimes,3.4,25
20,Qasim Khan,qasim.khan20@example.com,Design,68947,2018-08-30,"London,UK",yes,3.1,21
21,Jamal Malik,jamal.malik21@example.com,Sales,70091,2020-03-15,"Islamabad,PK",sometimes,3.5,21
22,Elena Cruz,elena.cruz22@example.com,Finance,75427,2024-04-20,"Peshawar,PK",no,4.1,16
23,Liam Hussain,liam.hussain23@example.com,Marketing,67615,2024-11-15,"Lahore,PK",no,1.9,8
24,Priya Sharma,priya.sharma24@example.com,Engineering,67165,2018-12-12,"Karachi,PK",no,4.4,15
25,Diego Cruz,diego.cruz25@example.com,Product,70202,2024-08-12,"Peshawar,PK",no,4.0,15
26,Elena Hassan,elena.hassan26@example.com,Sales,56215,2015-12-04,"San Francisco,US",yes,2.4,20
27,Gopal Garcia,gopal.garcia27@example.com,HR,50527,2016-07-25,"Remote,PK",no,2.5,14
28,Elena Yamada,elena.yamada28@example.com,Product,88859,2019-10-18,"Karachi,PK",yes,3.9,1
29,Priya Sharma,priya.sharma29@example.com,Marketing,65777,2015-08-26,"London,UK",yes,4.2,5
30,Elena Zhang,elena.zhang30@example.com,Customer Success,51616,2015-06-26,"Hyderabad,PK",yes,2.7,24
31,Hiro Patel,hiro.patel31@example.com,Engineering,72506,2019-11-13,"Peshawar,PK",yes,3.3,12
32,Fatima Yamada,fatima.yamada32@example.com,Product,99749,2017-09-03,"Lahore,PK",no,2.3,9
33,Elena Singh,elena.singh33@example.com,Engineering,89910,2019-12-04,"Karachi,PK",yes,4.1,23
34,Maya Zhang,maya.zhang34@example.com,Finance,83190,2017-10-20,"Istanbul,TR",sometimes,3.6,11
35,Khadija Iqbal,khadija.iqbal35@example.com,Design,56053,2016-04-11,"Karachi,PK",sometimes,3.7,25
36,Rana Ahmed,rana.ahmed36@example.com,HR,61508,2023-05-20,"Istanbul,TR",yes,3.9,12
37,Rana Singh,rana.singh37@example.com,HR,32399,2021-10-23,"Istanbul,TR",sometimes,3.0,19
38,Nadia Li,nadia.li38@example.com,Product,68164,2022-06-22,"London,UK",no,5.0,21
39,Fatima Nguyen,fatima.nguyen39@example.com,Design,67758,2015-01-14,"Remote,PK",yes,3.3,12
40,Aisha Lopez,aisha.lopez40@example.com,Customer Success,63997,2018-11-19,"Remote,PK",no,3.6,6
41,Ibrahim Singh,ibrahim.singh41@example.com,Product,100766,2023-07-24,"Karachi,PK",no,2.0,16
42,Fatima Cruz,fatima.cruz42@example.com,Sales,49878,2022-11-05,"Peshawar,PK",no,4.3,4
43,Aisha Khan,aisha.khan43@example.com,Customer Success,50415,2023-02-19,"Dhaka,BD",no,3.4,16
44,Fatima Li,fatima.li44@example.com,Customer Success,68391,2016-06-28,"Lahore,PK",yes,3.5,21
45,Diego Yamada,diego.yamada45@example.com,Product,66098,2020-03-12,"Istanbul,TR",yes,3.0,22
46,Tariq Li,tariq.li46@example.com,Design,55317,2021-10-24,"Istanbul,TR",yes,3.3,10
47,Tariq Yamada,tariq.yamada47@example.com,Data,68380,2018-09-27,"Karachi,PK",yes,5.0,19
48,Sofia Sharma,sofia.sharma48@example.com,HR,53061,2017-05-19,"Remote,PK",sometimes,3.3,17
49,Tariq Khan,tariq.khan49@example.com,Design,76993,2019-09-18,"Hyderabad,PK",yes,2.5,23
50,Hiro Singh,hiro.singh50@example.com,Finance,92975,2017-12-22,"Lahore,PK",no,3.4,18
51,Tariq Kaur,tariq.kaur51@example.com,Sales,49530,2019-08-17,"San Francisco,US",yes,4.3,5
52,Omar Hassan,omar.hassan52@example.com,Finance,81977,2015-05-13,"Lahore,PK",no,2.7,19
53,Khadija Ali,khadija.ali53@example.com,Finance,92342,2023-06-10,"Lahore,PK",yes,3.3,2
54,Omar Cruz,omar.cruz54@example.com,Data,91150,2024-11-29,"Remote,PK",yes,2.3,23
55,Jamal Patel,jamal.patel55@example.com,HR,59945,2022-03-03,"Lahore,PK",sometimes,2.3,2
56,Khadija Kaur,khadija.kaur56@example.com,Engineering,71933,2022-10-20,"Remote,PK",sometimes,3.6,10
57,Maya Malik,maya.malik57@example.com,Engineering,67870,2017-02-10,"Karachi,PK",no,2.8,0
58,Diego Ali,diego.ali58@example.com,HR,35891,2022-01-21,"Karachi,PK",yes,3.4,5
59,Fatima Hassan,fatima.hassan59@example.com,HR,49619,2020-03-05,"Karachi,PK",yes,4.0,3
60,Qasim Raza,qasim.raza60@example.com,Engineering,96619,2021-01-08,"Lahore,PK",sometimes,2.8,14
61,Chen Raza,chen.raza61@example.com,Finance,92644,2021-05-19,"Islamabad,PK",sometimes,3.8,6
62,Jamal Ali,jamal.ali62@example.com,Customer Success,53807,2017-03-07,"Karachi,PK",sometimes,3.4,10
63,Liam Patel,liam.patel63@example.com,Data,60788,2018-09-20,"Peshawar,PK",sometimes,3.3,9
64,Ibrahim Ahmed,ibrahim.ahmed64@example.com,Data,85469,2023-11-12,"San Francisco,US",no,2.6,8
65,Tariq Zhang,tariq.zhang65@example.com,Data,85051,2016-06-08,"Dhaka,BD",sometimes,2.2,22
66,Qasim Sharma,qasim.sharma66@example.com,Marketing,61596,2020-08-04,"Peshawar,PK",yes,4.1,1
67,Maya Yamada,maya.yamada67@example.com,Data,58504,2022-01-15,"Lahore,PK",sometimes,3.4,7
68,Omar Lopez,omar.lopez68@example.com,Product,90345,2018-08-28,"Lahore,PK",no,3.0,14
69,Priya Zhang,priya.zhang69@example.com,Customer Success,35220,2015-02-28,"Hyderabad,PK",yes,3.8,17
70,Maya Li,maya.li70@example.com,Finance,57662,2023-09-11,"London,UK",yes,3.4,20
71,Sofia Khan,sofia.khan71@example.com,Sales,46506,2017-06-24,"Islamabad,PK",yes,4.0,18
72,Maya Li,maya.li72@example.com,Design,57084,2019-03-01,"Islamabad,PK",no,3.9,14
73,Fatima Zhang,fatima.zhang73@example.com,Engineering,62914,2023-04-05,"Islamabad,PK",no,3.3,10
74,Maya Hussain,maya.hussain74@example.com,Product,88544,2015-02-17,"Islamabad,PK",no,3.9,17
75,Jamal Raza,jamal.raza75@example.com,HR,57609,2024-12-19,"Hyderabad,PK",sometimes,5.0,5
76,Omar Hassan,omar.hassan76@example.com,Data,67098,2021-05-07,"London,UK",no,4.5,6
77,Aisha Ahmed,aisha.ahmed77@example.com,Sales,36042,2016-08-29,"San Francisco,US",no,3.6,10
78,Elena Yamada,elena.yamada78@example.com,Product,72911,2015-07-07,"Karachi,PK",sometimes,3.3,12
79,Priya Hassan,priya.hassan79@example.com,Finance,89603,2021-03-01,"Karachi,PK",yes,2.5,12
80,Elena Li,elena.li80@example.com,Design,63234,2015-02-26,"Remote,PK",sometimes,4.5,0
81,Tariq Li,tariq.li81@example.com,Customer Success,71071,2019-05-24,"London,UK",yes,3.2,19
82,Diego Saeed,diego.saeed82@example.com,Sales,42597,2016-08-07,"Karachi,PK",sometimes,3.6,8
83,Bilal Lopez,bilal.lopez83@example.com,Sales,48666,2024-09-25,"Istanbul,TR",yes,3.5,12
84,Qasim Sharma,qasim.sharma84@example.com,Customer Success,64038,2021-02-11,"Dhaka,BD",yes,3.9,9
85,Jamal Li,jamal.li85@example.com,Finance,72702,2021-06-01,"Istanbul,TR",sometimes,1.8,0
86,Nadia Zhang,nadia.zhang86@example.com,HR,67560,2016-09-14,"Dhaka,BD",yes,2.3,17
87,Qasim Khan,qasim.khan87@example.com,Marketing,58996,2024-02-03,"Karachi,PK",yes,3.3,17
88,Sofia Malik,sofia.malik88@example.com,Marketing,67578,2023-12-04,"Hyderabad,PK",yes,2.8,11
89,Jamal Ahmed,jamal.ahmed89@example.com,Marketing,75553,2015-08-04,"London,UK",sometimes,3.0,15
90,Jamal Yamada,jamal.yamada90@example.com,HR,40123,2024-01-11,"Peshawar,PK",sometimes,3.4,22
91,Omar Hussain,omar.hussain91@example.com,Design,69645,2016-06-28,"San Francisco,US",sometimes,2.4,19
92,Nadia Khan,nadia.khan92@example.com,Product,74823,2018-03-15,"Lahore,PK",no,3.0,24
93,Diego Sharma,diego.sharma93@example.com,Customer Success,38707,2020-05-27,"Karachi,PK",yes,3.8,19
94,Maya Li,maya.li94@example.com,Product,66909,2024-06-09,"San Francisco,US",sometimes,2.6,22
95,Qasim Lopez,qasim.lopez95@example.com,Data,65239,2019-05-17,"Remote,PK",sometimes,3.4,10
96,Tariq Khan,tariq.khan96@example.com,Customer Success,62004,2023-09-02,"Hyderabad,PK",yes,4.7,1
97,Diego Cruz,diego.cruz97@example.com,HR,69377,2021-10-03,"Lahore,PK",yes,4.6,12
98,Maya Singh,maya.singh98@example.com,HR,55107,2020-05-17,"Dhaka,BD",no,3.9,20
99,Elena Li,elena.li99@example.com,Customer Success,54924,2020-06-21,"Dhaka,BD",yes,3.3,15
100,Bilal Kaur,bilal.kaur100@example.com,Sales,69737,2019-05-08,"Peshawar,PK",no,2.4,3
101,Omar Hassan,omar.hassan101@example.com,Product,71508,2020-12-27,"London,UK",no,5.0,7
102,Qasim Garcia,qasim.garcia102@example.com,Finance,76642,2024-01-26,"Istanbul,TR",yes,3.7,18
103,Priya Cruz,priya.cruz103@example.com,Finance,83876,2021-07-26,"Remote,PK",no,3.3,16
104,Omar Cruz,omar.cruz104@example.com,Product,101228,2023-10-06,"London,UK",sometimes,3.5,19
105,Bilal Lopez,bilal.lopez105@example.com,Sales,68220,2017-10-14,"London,UK",sometimes,3.4,3
106,Chen Raza,chen.raza106@example.com,Finance,87973,2020-07-18,"Dhaka,BD",yes,3.3,21
107,Maya Raza,maya.raza107@example.com,HR,58425,2023-06-21,"Lahore,PK",no,3.1,21
108,Maya Hussain,maya.hussain108@example.com,Design,59941,2022-04-04,"Islamabad,PK",yes,2.2,24
109,Diego Khan,diego.khan109@example.com,HR,45991,2015-07-07,"Peshawar,PK",yes,5.0,20
110,Qasim Patel,qasim.patel110@example.com,Sales,64221,2020-04-12,"Peshawar,PK",sometimes,3.3,1
111,Rana Ali,rana.ali111@example.com,Customer Success,40389,2015-09-30,"Peshawar,PK",yes,2.2,8
112,Maya Khan,maya.khan112@example.com,Marketing,74536,2017-04-25,"San Francisco,US",no,4.7,7
113,Aisha Hussain,aisha.hussain113@example.com,Marketing,52377,2017-12-06,"Hyderabad,PK",no,3.5,19
114,Sofia Saeed,sofia.saeed114@example.com,Design,80888,2019-04-28,"Remote,PK",sometimes,3.0,4
115,Priya Patel,priya.patel115@example.com,HR,51982,2016-09-04,"Islamabad,PK",sometimes,3.2,20
116,Elena Saeed,elena.saeed116@example.com,Sales,35735,2023-03-10,"San Francisco,US",no,4.3,16
117,Jamal Garcia,jamal.garcia117@example.com,Marketing,75335,2017-11-21,"San Francisco,US",sometimes,2.9,8
118,Ibrahim Malik,ibrahim.malik118@example.com,Product,75039,2016-11-20,"Istanbul,TR",sometimes,4.2,6
119,Tariq Zhang,tariq.zhang119@example.com,Product,99145,2017-10-11,"Islamabad,PK",yes,2.0,3
120,Priya Kaur,priya.kaur120@example.com,Engineering,72558,2021-01-25,"Islamabad,PK",yes,3.6,15
121,Nadia Hassan,nadia.hassan121@example.com,Customer Success,50110,2018-02-18,"Lahore,PK",sometimes,2.7,18
122,Diego Lopez,diego.lopez122@example.com,Design,83427,2019-03-10,"Peshawar,PK",no,3.9,12
123,Khadija Iqbal,khadija.iqbal123@example.com,Customer Success,37847,2024-09-24,"Islamabad,PK",sometimes,3.0,20
124,Rana Ahmed,rana.ahmed124@example.com,Product,83654,2021-08-12,"Dhaka,BD",no,3.0,2
125,Omar Zhang,omar.zhang125@example.com,HR,37475,2015-07-05,"Peshawar,PK",yes,4.2,6
126,Maya Singh,maya.singh126@example.com,Customer Success,61492,2018-10-16,"Istanbul,TR",no,2.9,19
127,Bilal Li,bilal.li127@example.com,HR,47450,2016-04-09,"Karachi,PK",sometimes,3.4,13
128,Maya Ahmed,maya.ahmed128@example.com,Marketing,55366,2018-12-24,"Istanbul,TR",yes,5.0,0
129,Diego Garcia,diego.garcia129@example.com,Sales,40119,2018-05-19,"Karachi,PK",yes,2.6,20
130,Hiro Nguyen,hiro.nguyen130@example.com,HR,44368,2022-05-09,"Hyderabad,PK",sometimes,3.2,2
131,Bilal Yamada,bilal.yamada131@example.com,Data,60557,2020-07-13,"Dhaka,BD",sometimes,2.5,8
132,Elena Garcia,elena.garcia132@example.com,Customer Success,41845,2023-05-01,"Dhaka,BD",yes,3.1,12
133,Qasim Cruz,qasim.cruz133@example.com,Data,87153,2018-01-30,"Lahore,PK",sometimes,3.6,10
134,Tariq Zhang,tariq.zhang134@example.com,Engineering,83468,2022-06-10,"Lahore,PK",sometimes,2.9,6
135,Chen Hassan,chen.hassan135@example.com,HR,46695,2017-07-26,"San Francisco,US",yes,2.5,1
136,Jamal Hussain,jamal.hussain136@example.com,Product,76356,2023-05-01,"Karachi,PK",sometimes,3.5,10
137,Bilal Hassan,bilal.hassan137@example.com,Finance,63547,2024-01-08,"Islamabad,PK",sometimes,2.5,6
138,Ibrahim Garcia,ibrahim.garcia138@example.com,Engineering,93986,2021-01-29,"Islamabad,PK",no,3.4,20
139,Rana Garcia,rana.garcia139@example.com,Engineering,95211,2023-07-11,"London,UK",sometimes,2.3,22
140,Tariq Sharma,tariq.sharma140@example.com,Design,69616,2020-07-16,"Islamabad,PK",no,2.9,5
141,Elena Zhang,elena.zhang141@example.com,Marketing,51602,2022-03-17,"Islamabad,PK",no,3.5,18
142,Nadia Raza,nadia.raza142@example.com,Design,84131,2015-03-05,"Lahore,PK",no,2.5,4
143,Aisha Ahmed,aisha.ahmed143@example.com,Customer Success,68309,2019-08-06,"London,UK",sometimes,3.1,23
144,Maya Li,maya.li144@example.com,Product,76622,2022-06-25,"Hyderabad,PK",yes,3.0,15
145,Sofia Malik,sofia.malik145@example.com,Data,85724,2019-06-29,"Hyderabad,PK",no,3.2,16
146,Ibrahim Zhang,ibrahim.zhang146@example.com,Marketing,51693,2019-06-05,"Remote,PK",sometimes,2.4,19
147,Rana Lopez,rana.lopez147@example.com,Customer Success,49100,2015-04-18,"Karachi,PK",sometimes,2.6,17
148,Aisha Cruz,aisha.cruz148@example.com,HR,67835,2021-10-28,"Remote,PK",yes,3.0,13
149,Hiro Malik,hiro.malik149@example.com,Design,78986,2021-04-24,"Lahore,PK",yes,3.4,17
150,Omar Singh,omar.singh150@example.com,Marketing,79581,2015-12-04,"Dhaka,BD",yes,3.4,22
151,Hiro Garcia,hiro.garcia151@example.com,Design,80121,2021-12-10,"Hyderabad,PK",sometimes,3.0,15
152,Chen Patel,chen.patel152@example.com,HR,52002,2020-01-27,"Istanbul,TR",no,2.7,13
153,Diego Li,diego.li153@example.com,Data,95184,2023-08-20,"Istanbul,TR",sometimes,2.8,10
154,Rana Singh,rana.singh154@example.com,Marketing,57430,2020-11-29,"Remote,PK",sometimes,3.4,5
155,Liam Li,liam.li155@example.com,Sales,55700,2020-06-13,"Dhaka,BD",yes,5.0,20
156,Liam Garcia,liam.garcia156@example.com,Finance,60440,2015-03-01,"Lahore,PK",sometimes,1.9,8
157,Bilal Lopez,bilal.lopez157@example.com,Marketing,71268,2020-05-08,"London,UK",sometimes,3.7,20
158,Gopal Li,gopal.li158@example.com,HR,69554,2017-02-21,"Dhaka,BD",yes,3.7,5
159,Gopal Malik,gopal.malik159@example.com,Engineering,89023,2023-04-18,"Dhaka,BD",yes,3.2,5
160,Maya Hassan,maya.hassan160@example.com,Sales,71291,2019-05-28,"Lahore,PK",yes,3.4,25
161,Rana Patel,rana.patel161@example.com,Data,86274,2024-10-20,"Istanbul,TR",no,3.9,18
162,Nadia Zhang,nadia.zhang162@example.com,Data,76518,2016-09-21,"Remote,PK",no,3.4,21
163,Fatima Hassan,fatima.hassan163@example.com,Product,93917,2017-02-25,"London,UK",sometimes,3.3,16
164,Tariq Zhang,tariq.zhang164@example.com,Finance,60280,2018-11-17,"Remote,PK",no,4.2,9
165,Gopal Garcia,gopal.garcia165@example.com,Finance,81904,2024-02-25,"Islamabad,PK",no,2.3,24
166,Bilal Malik,bilal.malik166@example.com,Finance,83702,2021-05-27,"Islamabad,PK",yes,3.9,4
167,Jamal Iqbal,jamal.iqbal167@example.com,Data,58405,2017-08-13,"Dhaka,BD",no,3.0,19
168,Tariq Khan,tariq.khan168@example.com,Product,74255,2019-03-07,"Hyderabad,PK",no,3.2,20
169,Gopal Malik,gopal.malik169@example.com,Customer Success,61368,2020-06-15,"London,UK",no,5.0,10
170,Sofia Yamada,sofia.yamada170@example.com,Sales,37975,2017-07-17,"Karachi,PK",yes,3.9,20
171,Fatima Yamada,fatima.yamada171@example.com,Marketing,77816,2021-11-16,"Remote,PK",yes,3.9,6
172,Rana Ali,rana.ali172@example.com,Marketing,79715,2022-01-23,"Lahore,PK",yes,4.0,19
173,Tariq Nguyen,tariq.nguyen173@example.com,Data,89660,2018-12-01,"London,UK",sometimes,2.6,25
174,Sofia Yamada,sofia.yamada174@example.com,Sales,52266,2016-02-08,"Remote,PK",sometimes,3.1,24
175,Fatima Cruz,fatima.cruz175@example.com,Data,71188,2018-04-04,"Islamabad,PK",no,2.2,18
176,Liam Hussain,liam.hussain176@example.com,Customer Success,57815,2021-07-26,"Istanbul,TR",yes,3.3,7
177,Rana Ali,rana.ali177@example.com,Product,103895,2017-06-19,"Karachi,PK",no,2.8,1
178,Jamal Singh,jamal.singh178@example.com,Engineering,99698,2019-07-09,"Islamabad,PK",sometimes,2.7,20
179,Liam Singh,liam.singh179@example.com,Finance,73834,2021-08-03,"Hyderabad,PK",yes,2.0,22
180,Khadija Kaur,khadija.kaur180@example.com,Data,84555,2021-05-19,"Remote,PK",yes,3.8,21
181,Maya Singh,maya.singh181@example.com,Product,104565,2021-05-28,"Lahore,PK",yes,5.0,21
182,Aisha Cruz,aisha.cruz182@example.com,Finance,76783,2019-07-07,"London,UK",yes,2.5,6
183,Rana Ali,rana.ali183@example.com,Customer Success,48378,2020-08-24,"Remote,PK",yes,3.3,17
184,Jamal Garcia,jamal.garcia184@example.com,HR,33717,2022-09-26,"Remote,PK",sometimes,2.6,6
185,Omar Ahmed,omar.ahmed185@example.com,Engineering,95632,2024-03-05,"Karachi,PK",sometimes,2.9,1
186,Ibrahim Malik,ibrahim.malik186@example.com,HR,37636,2018-12-15,"London,UK",sometimes,5.0,9
187,Maya Khan,maya.khan187@example.com,Sales,54861,2017-11-15,"Lahore,PK",sometimes,3.9,25
188,Ibrahim Raza,ibrahim.raza188@example.com,Data,87166,2021-09-26,"London,UK",yes,5.0,10
189,Gopal Raza,gopal.raza189@example.com,Data,89818,2021-06-07,"Hyderabad,PK",yes,3.6,19
190,Liam Hussain,liam.hussain190@example.com,Engineering,92776,2016-08-27,"Lahore,PK",sometimes,3.5,20
191,Omar Malik,omar.malik191@example.com,Customer Success,50531,2022-03-16,"Dhaka,BD",sometimes,3.3,23
192,Aisha Lopez,aisha.lopez192@example.com,Data,64525,2015-11-08,"Hyderabad,PK",no,3.1,21
193,Liam Singh,liam.singh193@example.com,Engineering,88239,2018-09-26,"Remote,PK",yes,4.8,0
194,Ibrahim Ali,ibrahim.ali194@example.com,Product,90859,2020-04-20,"Dhaka,BD",yes,3.0,2
195,Sofia Sharma,sofia.sharma195@example.com,Design,64757,2021-07-11,"Lahore,PK",sometimes,3.3,17
196,Gopal Singh,gopal.singh196@example.com,Marketing,72356,2024-08-27,"Istanbul,TR",no,2.7,11
197,Chen Hassan,chen.hassan197@example.com,Customer Success,45708,2024-09-27,"Karachi,PK",no,3.4,20
198,Rana Ahmed,rana.ahmed198@example.com,Product,81758,2020-08-18,"San Francisco,US",no,3.5,14
199,Omar Ahmed,omar.ahmed199@example.com,Engineering,78148,2020-10-10,"London,UK",no,2.9,1
200,Qasim Nguyen,qasim.nguyen200@example.com,Customer Success,69902,2018-06-02,"Islamabad,PK",sometimes,4.1,20
201,Maya Ali,maya.ali201@example.com,Product,103101,2020-06-30,"Remote,PK",yes,3.4,25
202,Tariq Sharma,tariq.sharma202@example.com,Engineering,71702,2015-03-22,"San Francisco,US",yes,3.0,6
203,Aisha Nguyen,aisha.nguyen203@example.com,Product,74317,2015-12-29,"Lahore,PK",sometimes,3.9,1
204,Ibrahim Malik,ibrahim.malik204@example.com,HR,60988,2018-01-30,"Islamabad,PK",no,3.9,0
205,Bilal Li,bilal.li205@example.com,Design,87853,2022-12-24,"San Francisco,US",yes,4.4,15
206,Sofia Sharma,sofia.sharma206@example.com,Finance,84046,2022-01-17,"Peshawar,PK",yes,2.9,17
207,Hiro Iqbal,hiro.iqbal207@example.com,Marketing,61496,2016-12-06,"London,UK",no,3.8,17
208,Bilal Nguyen,bilal.nguyen208@example.com,Data,81969,2022-11-13,"Istanbul,TR",sometimes,3.9,19
209,Tariq Nguyen,tariq.nguyen209@example.com,HR,69344,2016-11-01,"Islamabad,PK",sometimes,2.1,16
210,Rana Singh,rana.singh210@example.com,Data,78203,2024-08-13,"Karachi,PK",yes,4.1,9
211,Tariq Ahmed,tariq.ahmed211@example.com,HR,49038,2015-11-06,"Karachi,PK",yes,4.1,21
212,Omar Hussain,omar.hussain212@example.com,Engineering,89679,2018-10-26,"San Francisco,US",yes,5.0,13
213,Liam Cruz,liam.cruz213@example.com,Engineering,65776,2019-07-28,"London,UK",yes,4.1,6
214,Bilal Cruz,bilal.cruz214@example.com,Data,62557,2020-05-17,"Lahore,PK",sometimes,3.0,24
215,Jamal Hassan,jamal.hassan215@example.com,Finance,94376,2024-07-25,"Hyderabad,PK",yes,2.8,5
216,Ibrahim Garcia,ibrahim.garcia216@example.com,Marketing,45208,2015-02-11,"Hyderabad,PK",yes,3.3,18
217,Tariq Patel,tariq.patel217@example.com,Data,67696,2015-05-05,"Dhaka,BD",sometimes,2.4,18
218,Aisha Sharma,aisha.sharma218@example.com,Finance,77051,2021-08-24,"Istanbul,TR",sometimes,4.6,0
219,Ibrahim Zhang,ibrahim.zhang219@example.com,Marketing,73305,2023-05-04,"San Francisco,US",no,2.6,22
220,Bilal Sharma,bilal.sharma220@example.com,Engineering,77226,2019-08-08,"Istanbul,TR",no,3.5,13
221,Rana Malik,rana.malik221@example.com,Marketing,77453,2021-11-04,"Remote,PK",no,3.9,19
222,Aisha Ali,aisha.ali222@example.com,Engineering,90369,2016-06-24,"Peshawar,PK",no,4.0,11
223,Sofia Kaur,sofia.kaur223@example.com,Engineering,63840,2019-02-21,"Peshawar,PK",yes,3.6,2
224,Khadija Yamada,khadija.yamada224@example.com,Product,86400,2022-09-15,"Peshawar,PK",sometimes,3.7,3
225,Priya Kaur,priya.kaur225@example.com,Design,80388,2021-11-15,"London,UK",sometimes,4.4,8
226,Priya Yamada,priya.yamada226@example.com,Customer Success,53267,2023-12-16,"Hyderabad,PK",no,3.1,24
227,Nadia Raza,nadia.raza227@example.com,Finance,62715,2022-08-12,"Dhaka,BD",sometimes,3.3,13
228,Sofia Ahmed,sofia.ahmed228@example.com,Data,58007,2019-11-12,"Karachi,PK",yes,4.4,20
229,Gopal Nguyen,gopal.nguyen229@example.com,Product,103583,2023-12-21,"Istanbul,TR",yes,5.0,21
230,Omar Kaur,omar.kaur230@example.com,Customer Success,51169,2015-11-23,"San Francisco,US",sometimes,4.6,7
231,Diego Singh,diego.singh231@example.com,Sales,54951,2024-11-12,"Istanbul,TR",no,2.3,4
232,Khadija Saeed,khadija.saeed232@example.com,Customer Success,35912,2023-05-25,"Hyderabad,PK",no,3.2,9
233,Diego Patel,diego.patel233@example.com,HR,49112,2022-04-21,"Karachi,PK",sometimes,4.3,16
234,Maya Hussain,maya.hussain234@example.com,HR,42306,2020-10-05,"Lahore,PK",sometimes,3.6,17
235,Sofia Cruz,sofia.cruz235@example.com,Finance,63152,2015-10-04,"Lahore,PK",sometimes,3.0,0
236,Khadija Lopez,khadija.lopez236@example.com,Engineering,65977,2018-01-31,"Remote,PK",yes,4.1,13
237,Maya Garcia,maya.garcia237@example.com,Sales,52771,2017-01-05,"Karachi,PK",yes,4.7,0
238,Maya Nguyen,maya.nguyen238@example.com,Engineering,89052,2019-12-06,"Istanbul,TR",no,3.7,6
239,Rana Ali,rana.ali239@example.com,Sales,70330,2016-10-17,"Remote,PK",yes,3.2,8
240,Tariq Hussain,tariq.hussain240@example.com,Engineering,64937,2017-04-27,"Remote,PK",sometimes,5.0,5
241,Qasim Cruz,qasim.cruz241@example.com,Finance,75220,2024-08-02,"Remote,PK",no,4.2,12
242,Aisha Lopez,aisha.lopez242@example.com,Customer Success,64359,2024-08-02,"Remote,PK",no,2.1,0
243,Ibrahim Nguyen,ibrahim.nguyen243@example.com,Sales,45893,2016-05-02,"Peshawar,PK",yes,2.8,17
244,Bilal Hassan,bilal.hassan244@example.com,Customer Success,49848,2021-07-16,"Karachi,PK",sometimes,3.9,22
245,Qasim Lopez,qasim.lopez245@example.com,Sales,40379,2017-08-20,"Lahore,PK",no,2.3,12
246,Jamal Lopez,jamal.lopez246@example.com,Sales,61678,2016-05-07,"London,UK",sometimes,3.0,23
247,Khadija Ahmed,khadija.ahmed247@example.com,Engineering,98212,2022-09-03,"Remote,PK",no,3.3,11
248,Chen Sharma,chen.sharma248@example.com,Design,50772,2016-07-04,"Peshawar,PK",sometimes,3.0,23
249,Ibrahim Ali,ibrahim.ali249@example.com,Design,58849,2022-02-05,"Dhaka,BD",yes,4.0,18
250,Priya Li,priya.li250@example.com,Product,75525,2023-12-10,"London,UK",yes,2.2,6
251,Chen Yamada,chen.yamada251@example.com,Marketing,68130,2021-01-28,"Remote,PK",no,2.9,0
252,Diego Malik,diego.malik252@example.com,Finance,55074,2021-12-01,"Islamabad,PK",yes,4.2,19
253,Qasim Ali,qasim.ali253@example.com,Finance,94017,2023-02-20,"San Francisco,US",yes,3.8,10
254,Maya Lopez,maya.lopez254@example.com,Finance,87448,2019-11-21,"Dhaka,BD",no,3.5,16
255,Elena Khan,elena.khan255@example.com,HR,40770,2024-10-31,"London,UK",no,3.8,0
256,Rana Hussain,rana.hussain256@example.com,Data,72226,2023-04-08,"Islamabad,PK",yes,3.7,21
257,Fatima Ahmed,fatima.ahmed257@example.com,Engineering,90181,2016-02-18,"Karachi,PK",sometimes,3.6,12
258,Elena Iqbal,elena.iqbal258@example.com,Product,72880,2020-04-23,"Istanbul,TR",sometimes,3.8,6
259,Aisha Khan,aisha.khan259@example.com,Data,82930,2019-03-23,"London,UK",yes,3.6,25
260,Priya Malik,priya.malik260@example.com,Engineering,68741,2018-09-01,"Islamabad,PK",yes,4.6,23
261,Nadia Yamada,nadia.yamada261@example.com,Customer Success,33472,2018-08-26,"Istanbul,TR",no,3.3,3
262,Qasim Kaur,qasim.kaur262@example.com,Sales,54016,2020-07-08,"Lahore,PK",sometimes,2.8,11
263,Bilal Khan,bilal.khan263@example.com,HR,58517,2016-09-25,"London,UK",no,3.3,6
264,Hiro Hassan,hiro.hassan264@example.com,Product,69909,2018-03-15,"London,UK",no,2.8,2
265,Sofia Kaur,sofia.kaur265@example.com,Customer Success,62878,2015-01-08,"San Francisco,US",sometimes,3.3,7
266,Diego Yamada,diego.yamada266@example.com,Customer Success,39884,2017-04-25,"Karachi,PK",no,2.5,8
267,Qasim Ahmed,qasim.ahmed267@example.com,Engineering,94580,2018-10-06,"Lahore,PK",yes,4.1,18
268,Liam Nguyen,liam.nguyen268@example.com,Data,94389,2018-03-08,"Dhaka,BD",sometimes,2.7,15
269,Ibrahim Hussain,ibrahim.hussain269@example.com,Customer Success,55169,2018-04-01,"Hyderabad,PK",yes,3.4,0
270,Tariq Malik,tariq.malik270@example.com,Finance,84966,2015-11-15,"Istanbul,TR",yes,4.6,3
271,Rana Malik,rana.malik271@example.com,HR,49292,2018-05-27,"Remote,PK",no,2.8,7
272,Omar Ali,omar.ali272@example.com,Design,74356,2024-09-23,"Lahore,PK",no,3.9,18
273,Elena Hassan,elena.hassan273@example.com,Customer Success,61167,2022-01-12,"Peshawar,PK",yes,2.9,21
274,Jamal Hassan,jamal.hassan274@example.com,Engineering,74895,2023-05-15,"Istanbul,TR",yes,4.9,24
275,Chen Nguyen,chen.nguyen275@example.com,Engineering,76896,2017-04-16,"Lahore,PK",sometimes,4.1,17
276,Maya Iqbal,maya.iqbal276@example.com,Product,94210,2020-06-22,"Karachi,PK",sometimes,3.0,24
277,Priya Ahmed,priya.ahmed277@example.com,HR,56247,2016-05-24,"Islamabad,PK",sometimes,3.0,12
278,Fatima Saeed,fatima.saeed278@example.com,Product,96558,2023-10-08,"Dhaka,BD",no,3.0,8
279,Elena Khan,elena.khan279@example.com,Data,71995,2019-09-02,"Lahore,PK",no,4.1,10
280,Aisha Kaur,aisha.kaur280@example.com,Data,80674,2016-02-21,"Hyderabad,PK",sometimes,2.7,19
281,Bilal Khan,bilal.khan281@example.com,Sales,49617,2016-11-15,"Hyderabad,PK",no,2.9,21
282,Tariq Singh,tariq.singh282@example.com,Product,103201,2020-03-27,"Karachi,PK",yes,2.8,5
283,Diego Singh,diego.singh283@example.com,Design,75982,2018-10-26,"Istanbul,TR",yes,2.7,14
284,Sofia Garcia,sofia.garcia284@example.com,Data,92878,2023-10-10,"Peshawar,PK",sometimes,2.1,20
285,Omar Yamada,omar.yamada285@example.com,Customer Success,53896,2023-02-16,"Hyderabad,PK",yes,3.4,16
286,Elena Li,elena.li286@example.com,Engineering,74524,2018-05-03,"London,UK",no,4.2,2
287,Gopal Saeed,gopal.saeed287@example.com,Engineering,60989,2015-07-12,"Lahore,PK",yes,4.0,24
288,Maya Saeed,maya.saeed288@example.com,Design,88804,2022-11-14,"Hyderabad,PK",yes,4.7,4
289,Omar Khan,omar.khan289@example.com,Design,57137,2017-10-31,"Remote,PK",sometimes,3.7,17
290,Rana Iqbal,rana.iqbal290@example.com,Data,70060,2016-08-30,"Istanbul,TR",no,2.9,7
291,Ibrahim Garcia,ibrahim.garcia291@example.com,Customer Success,36015,2017-02-16,"Hyderabad,PK",yes,2.9,10
292,Nadia Singh,nadia.singh292@example.com,Customer Success,50564,2021-05-13,"London,UK",yes,4.8,8
293,Hiro Malik,hiro.malik293@example.com,Data,91499,2021-02-22,"Islamabad,PK",sometimes,3.4,8
294,Omar Patel,omar.patel294@example.com,Design,84615,2016-03-21,"London,UK",sometimes,4.5,1
295,Jamal Ahmed,jamal.ahmed295@example.com,Customer Success,65237,2022-11-26,"Peshawar,PK",sometimes,2.7,14
296,Omar Ali,omar.ali296@example.com,Sales,45118,2021-02-02,"Dhaka,BD",yes,2.2,11
297,Omar Patel,omar.patel297@example.com,Product,102282,2020-03-14,"San Francisco,US",yes,3.4,11
298,Diego Ahmed,diego.ahmed298@example.com,Product,68193,2019-09-03,"Peshawar,PK",yes,3.2,17
299,Fatima Ali,fatima.ali299@example.com,Product,78068,2021-11-02,"Peshawar,PK",no,3.5,21
300,Gopal Garcia,gopal.garcia300@example.com,Sales,39518,2022-04-21,"Lahore,PK",sometimes,2.7,23
301,Qasim Nguyen,qasim.nguyen301@example.com,Finance,60503,2016-05-17,"Remote,PK",yes,3.5,14
302,Gopal Hassan,gopal.hassan302@example.com,HR,49526,2018-10-13,"Karachi,PK",sometimes,2.7,24
303,Liam Malik,liam.malik303@example.com,Design,86114,2016-01-12,"Istanbul,TR",sometimes,3.5,6
304,Elena Cruz,elena.cruz304@example.com,Finance,55484,2021-08-05,"Hyderabad,PK",yes,3.5,17
305,Tariq Ahmed,tariq.ahmed305@example.com,Sales,40636,2024-01-10,"Hyderabad,PK",yes,4.3,7
306,Liam Hussain,liam.hussain306@example.com,Engineering,84615,2015-06-09,"London,UK",no,3.0,14
307,Aisha Sharma,aisha.sharma307@example.com,Data,62989,2016-10-25,"Dhaka,BD",sometimes,3.2,1
308,Tariq Sharma,tariq.sharma308@example.com,Customer Success,32630,2016-12-14,"Istanbul,TR",yes,2.5,9
309,Nadia Patel,nadia.patel309@example.com,Finance,86256,2022-07-12,"Peshawar,PK",no,3.4,25
310,Diego Ali,diego.ali310@example.com,Data,67401,2024-12-07,"Dhaka,BD",yes,3.8,13
311,Rana Malik,rana.malik311@example.com,Finance,59046,2022-07-31,"San Francisco,US",sometimes,3.7,8
312,Liam Singh,liam.singh312@example.com,Data,77091,2022-08-27,"Istanbul,TR",no,3.2,2
313,Maya Saeed,maya.saeed313@example.com,Data,71317,2020-10-16,"Karachi,PK",no,2.3,24
314,Rana Sharma,rana.sharma314@example.com,Customer Success,60076,2023-11-26,"San Francisco,US",yes,2.7,6
315,Qasim Garcia,qasim.garcia315@example.com,Finance,57134,2017-08-05,"Remote,PK",yes,3.1,8
316,Tariq Kaur,tariq.kaur316@example.com,Finance,63056,2023-12-22,"Dhaka,BD",sometimes,3.6,22
317,Chen Ali,chen.ali317@example.com,Finance,90963,2020-01-11,"Karachi,PK",sometimes,3.5,19
318,Hiro Ali,hiro.ali318@example.com,Engineering,60710,2018-11-07,"London,UK",sometimes,3.1,24
319,Aisha Zhang,aisha.zhang319@example.com,Marketing,52485,2019-08-23,"Islamabad,PK",no,2.1,3
320,Gopal Iqbal,gopal.iqbal320@example.com,Engineering,92191,2020-11-04,"Lahore,PK",sometimes,5.0,16
321,Maya Saeed,maya.saeed321@example.com,Data,70521,2019-06-16,"Dhaka,BD",yes,3.5,25
322,Bilal Yamada,bilal.yamada322@example.com,Design,50117,2019-01-14,"Hyderabad,PK",yes,3.5,23
323,Gopal Sharma,gopal.sharma323@example.com,Product,78703,2023-01-27,"Peshawar,PK",yes,3.5,23
324,Omar Khan,omar.khan324@example.com,Data,96663,2019-08-22,"Dhaka,BD",no,3.6,22
325,Bilal Khan,bilal.khan325@example.com,Marketing,70053,2023-08-13,"Hyderabad,PK",yes,3.4,19
326,Chen Li,chen.li326@example.com,Sales,71178,2016-12-31,"Peshawar,PK",sometimes,3.5,11
327,Hiro Cruz,hiro.cruz327@example.com,Finance,77467,2020-07-08,"Dhaka,BD",sometimes,3.6,8
328,Diego Yamada,diego.yamada328@example.com,Engineering,80895,2023-08-14,"Peshawar,PK",no,3.9,19
329,Aisha Hassan,aisha.hassan329@example.com,Finance,93449,2020-07-07,"Islamabad,PK",sometimes,3.8,16
330,Diego Iqbal,diego.iqbal330@example.com,Design,59926,2016-11-08,"Istanbul,TR",yes,2.4,23
331,Chen Saeed,chen.saeed331@example.com,Data,76389,2022-06-04,"Istanbul,TR",sometimes,2.8,25
332,Maya Iqbal,maya.iqbal332@example.com,Customer Success,55282,2023-08-25,"Islamabad,PK",sometimes,3.7,9
333,Khadija Ali,khadija.ali333@example.com,Engineering,93268,2016-06-16,"Dhaka,BD",sometimes,2.9,9
334,Maya Raza,maya.raza334@example.com,Marketing,72716,2017-08-07,"Islamabad,PK",no,3.0,11
335,Priya Garcia,priya.garcia335@example.com,Marketing,73883,2021-12-06,"Karachi,PK",no,2.7,6
336,Aisha Saeed,aisha.saeed336@example.com,Product,95571,2020-05-06,"Remote,PK",yes,3.2,6
337,Sofia Garcia,sofia.garcia337@example.com,Finance,65000,2017-11-26,"Karachi,PK",sometimes,2.8,20
338,Aisha Malik,aisha.malik338@example.com,HR,36626,2023-06-11,"Islamabad,PK",sometimes,3.0,7
339,Bilal Khan,bilal.khan339@example.com,HR,51146,2018-05-08,"Remote,PK",no,2.7,22
340,Jamal Hassan,jamal.hassan340@example.com,Finance,57215,2015-06-10,"Karachi,PK",sometimes,4.1,12
341,Jamal Iqbal,jamal.iqbal341@example.com,Customer Success,54655,2017-07-01,"Lahore,PK",yes,3.5,3
342,Gopal Cruz,gopal.cruz342@example.com,HR,44104,2024-03-16,"Istanbul,TR",sometimes,2.6,21
343,Liam Lopez,liam.lopez343@example.com,Engineering,63254,2024-09-16,"Remote,PK",no,3.8,19
344,Maya Li,maya.li344@example.com,HR,42926,2023-08-31,"San Francisco,US",no,4.0,15
345,Hiro Malik,hiro.malik345@example.com,Finance,60879,2020-10-05,"San Francisco,US",sometimes,3.6,7
346,Chen Zhang,chen.zhang346@example.com,Data,71265,2021-05-28,"Peshawar,PK",yes,4.5,24
347,Elena Malik,elena.malik347@example.com,Customer Success,66874,2021-04-07,"Lahore,PK",yes,3.9,6
348,Ibrahim Nguyen,ibrahim.nguyen348@example.com,Marketing,67737,2016-07-01,"San Francisco,US",no,4.8,0
349,Liam Kaur,liam.kaur349@example.com,Product,73655,2019-09-19,"London,UK",sometimes,2.9,0
350,Sofia Zhang,sofia.zhang350@example.com,Customer Success,70320,2020-04-13,"San Francisco,US",yes,4.7,11
351,Maya Yamada,maya.yamada351@example.com,Engineering,83769,2015-12-11,"Islamabad,PK",yes,2.9,16
352,Diego Ali,diego.ali352@example.com,Design,55034,2017-10-03,"Karachi,PK",no,3.1,11
353,Hiro Li,hiro.li353@example.com,Finance,69625,2019-12-19,"Karachi,PK",yes,3.7,14
354,Elena Zhang,elena.zhang354@example.com,Customer Success,53832,2022-05-14,"Peshawar,PK",no,4.2,23
355,Bilal Patel,bilal.patel355@example.com,Product,96013,2021-07-16,"London,UK",no,4.0,9
356,Jamal Garcia,jamal.garcia356@example.com,Finance,87422,2016-07-04,"Dhaka,BD",no,3.6,24
357,Elena Hassan,elena.hassan357@example.com,Product,102986,2019-03-06,"Istanbul,TR",no,3.9,16
358,Omar Singh,omar.singh358@example.com,Customer Success,32402,2022-05-30,"Peshawar,PK",yes,3.4,21
359,Maya Iqbal,maya.iqbal359@example.com,Product,85322,2016-11-02,"Remote,PK",sometimes,2.7,6
360,Rana Iqbal,rana.iqbal360@example.com,Design,79765,2022-09-14,"San Francisco,US",yes,3.2,15
361,Rana Garcia,rana.garcia361@example.com,Design,84409,2018-09-01,"Hyderabad,PK",no,4.1,20
362,Nadia Zhang,nadia.zhang362@example.com,Sales,64646,2015-02-05,"London,UK",no,3.3,25
363,Rana Patel,rana.patel363@example.com,Marketing,67889,2017-02-22,"Lahore,PK",sometimes,4.3,14
364,Priya Sharma,priya.sharma364@example.com,Design,80005,2018-02-08,"Islamabad,PK",no,3.5,17
365,Omar Cruz,omar.cruz365@example.com,Data,61190,2024-06-07,"Remote,PK",yes,3.1,16
366,Gopal Patel,gopal.patel366@example.com,Design,74001,2024-11-16,"Karachi,PK",no,3.7,22
367,Diego Khan,diego.khan367@example.com,Sales,51269,2016-05-07,"Karachi,PK",sometimes,2.9,12
368,Nadia Saeed,nadia.saeed368@example.com,Data,81450,2019-01-14,"Istanbul,TR",yes,3.1,12
369,Diego Nguyen,diego.nguyen369@example.com,HR,43439,2021-07-04,"Karachi,PK",yes,1.6,19
370,Nadia Kaur,nadia.kaur370@example.com,HR,59874,2015-01-28,"Karachi,PK",yes,3.1,0
371,Tariq Iqbal,tariq.iqbal371@example.com,Customer Success,70992,2023-08-17,"London,UK",no,5.0,21
372,Nadia Sharma,nadia.sharma372@example.com,HR,48254,2020-09-26,"Peshawar,PK",sometimes,3.3,21
373,Diego Kaur,diego.kaur373@example.com,Customer Success,58518,2017-07-17,"Hyderabad,PK",yes,3.3,5
374,Priya Khan,priya.khan374@example.com,Marketing,58683,2021-02-16,"Dhaka,BD",sometimes,3.8,0
375,Nadia Ahmed,nadia.ahmed375@example.com,Marketing,48808,2022-07-08,"Islamabad,PK",sometimes,1.3,24
376,Liam Garcia,liam.garcia376@example.com,Data,66864,2015-07-17,"Peshawar,PK",sometimes,2.4,6
377,Jamal Singh,jamal.singh377@example.com,Marketing,52227,2015-03-17,"Peshawar,PK",no,2.4,15
378,Khadija Hassan,khadija.hassan378@example.com,Data,91497,2019-11-08,"Peshawar,PK",no,4.5,24
379,Jamal Li,jamal.li379@example.com,Finance,78795,2022-04-03,"Remote,PK",sometimes,3.6,21
380,Jamal Malik,jamal.malik380@example.com,Data,62123,2021-07-21,"Lahore,PK",yes,3.8,16
381,Elena Kaur,elena.kaur381@example.com,Customer Success,52595,2020-07-06,"Hyderabad,PK",sometimes,3.5,1
382,Gopal Lopez,gopal.lopez382@example.com,Customer Success,68059,2016-04-26,"Peshawar,PK",yes,3.9,10
383,Tariq Zhang,tariq.zhang383@example.com,Product,70887,2018-05-14,"Peshawar,PK",no,2.5,18
384,Priya Iqbal,priya.iqbal384@example.com,Finance,57536,2022-07-01,"San Francisco,US",sometimes,3.0,12
385,Rana Garcia,rana.garcia385@example.com,Data,67228,2024-07-06,"Peshawar,PK",yes,2.4,12
386,Rana Raza,rana.raza386@example.com,Data,63892,2018-07-22,"London,UK",no,3.4,14
387,Rana Garcia,rana.garcia387@example.com,Sales,39084,2019-07-07,"Hyderabad,PK",yes,3.2,5
388,Aisha Kaur,aisha.kaur388@example.com,Product,96314,2017-02-24,"Karachi,PK",sometimes,3.4,2
389,Nadia Yamada,nadia.yamada389@example.com,Data,71975,2024-10-09,"Karachi,PK",no,2.3,23
390,Diego Malik,diego.malik390@example.com,Finance,56416,2019-08-11,"Islamabad,PK",no,2.7,21
391,Fatima Sharma,fatima.sharma391@example.com,Sales,51303,2021-10-26,"Dhaka,BD",no,4.2,15
392,Gopal Patel,gopal.patel392@example.com,Product,86942,2015-12-03,"Hyderabad,PK",sometimes,4.3,7
393,Fatima Khan,fatima.khan393@example.com,Sales,41872,2019-10-03,"Dhaka,BD",no,3.2,1
394,Hiro Patel,hiro.patel394@example.com,Engineering,62009,2015-07-24,"San Francisco,US",sometimes,4.4,21
395,Gopal Hassan,gopal.hassan395@example.com,HR,41350,2022-02-03,"London,UK",yes,3.5,22
396,Omar Iqbal,omar.iqbal396@example.com,Marketing,48026,2015-11-30,"Hyderabad,PK",yes,2.1,2
397,Maya Malik,maya.malik397@example.com,HR,37453,2017-01-23,"Karachi,PK",sometimes,5.0,15
398,Gopal Iqbal,gopal.iqbal398@example.com,Marketing,53818,2020-07-13,"Karachi,PK",no,3.2,8
399,Khadija Raza,khadija.raza399@example.com,Design,77977,2017-05-25,"Islamabad,PK",no,5.0,7
400,Ibrahim Yamada,ibrahim.yamada400@example.com,Finance,68657,2023-08-12,"Lahore,PK",sometimes,4.8,13
401,Hiro Ahmed,hiro.ahmed401@example.com,Customer Success,68925,2017-08-26,"Istanbul,TR",no,3.3,22
402,Diego Khan,diego.khan402@example.com,Engineering,83612,2016-04-29,"Peshawar,PK",yes,4.3,25
403,Khadija Hassan,khadija.hassan403@example.com,Marketing,63955,2017-03-30,"Istanbul,TR",yes,3.6,12
404,Elena Garcia,elena.garcia404@example.com,Customer Success,34594,2015-07-22,"Islamabad,PK",yes,3.3,20
405,Khadija Lopez,khadija.lopez405@example.com,Engineering,99748,2016-05-25,"Karachi,PK",no,3.2,10
406,Nadia Raza,nadia.raza406@example.com,Product,94341,2015-08-25,"Peshawar,PK",sometimes,2.1,23
407,Fatima Khan,fatima.khan407@example.com,Marketing,45196,2016-03-19,"Istanbul,TR",yes,3.5,3
408,Nadia Saeed,nadia.saeed408@example.com,Product,100965,2023-02-13,"Islamabad,PK",yes,5.0,19
409,Qasim Cruz,qasim.cruz409@example.com,Marketing,55148,2015-03-20,"Remote,PK",no,3.8,23
410,Chen Cruz,chen.cruz410@example.com,HR,35968,2020-07-20,"Lahore,PK",yes,3.6,8
411,Rana Yamada,rana.yamada411@example.com,Sales,65415,2016-05-14,"San Francisco,US",no,4.1,0
412,Priya Kaur,priya.kaur412@example.com,Customer Success,58739,2020-11-15,"Lahore,PK",sometimes,3.4,7
413,Maya Kaur,maya.kaur413@example.com,HR,61035,2018-05-26,"Islamabad,PK",sometimes,2.6,10
414,Sofia Kaur,sofia.kaur414@example.com,Product,87806,2019-07-04,"Dhaka,BD",no,3.5,23
415,Priya Kaur,priya.kaur415@example.com,Customer Success,47891,2019-11-07,"San Francisco,US",yes,3.6,8
416,Sofia Khan,sofia.khan416@example.com,Customer Success,68492,2020-07-19,"Peshawar,PK",no,4.0,10
417,Elena Li,elena.li417@example.com,Engineering,63004,2016-06-14,"Peshawar,PK",no,4.0,21
418,Chen Iqbal,chen.iqbal418@example.com,Customer Success,54445,2024-02-23,"London,UK",no,2.7,8
419,Diego Sharma,diego.sharma419@example.com,Marketing,41955,2020-07-19,"Dhaka,BD",sometimes,3.0,13
420,Aisha Malik,aisha.malik420@example.com,Data,76557,2022-03-09,"Lahore,PK",no,5.0,16
421,Maya Garcia,maya.garcia421@example.com,Design,73228,2015-05-24,"Dhaka,BD",sometimes,2.8,19
422,Diego Nguyen,diego.nguyen422@example.com,HR,40616,2020-05-25,"London,UK",yes,3.5,18
423,Jamal Yamada,jamal.yamada423@example.com,Product,70288,2020-06-07,"Remote,PK",yes,5.0,10
424,Hiro Iqbal,hiro.iqbal424@example.com,Design,89586,2024-02-03,"Istanbul,TR",sometimes,1.5,3
425,Khadija Raza,khadija.raza425@example.com,Finance,60678,2019-03-16,"Peshawar,PK",sometimes,1.8,2
426,Rana Li,rana.li426@example.com,Sales,36248,2022-11-14,"London,UK",sometimes,4.1,16
427,Maya Zhang,maya.zhang427@example.com,Customer Success,65067,2018-03-29,"Islamabad,PK",sometimes,3.4,9
428,Elena Ahmed,elena.ahmed428@example.com,Marketing,60587,2015-02-11,"San Francisco,US",yes,3.2,21
429,Tariq Kaur,tariq.kaur429@example.com,HR,52461,2019-11-13,"Istanbul,TR",yes,3.1,12
430,Nadia Singh,nadia.singh430@example.com,HR,50670,2019-08-03,"Karachi,PK",no,3.9,16
431,Hiro Singh,hiro.singh431@example.com,Marketing,75548,2019-11-15,"Istanbul,TR",no,3.8,22
432,Khadija Yamada,khadija.yamada432@example.com,Engineering,94836,2022-07-28,"Peshawar,PK",sometimes,4.1,11
433,Omar Yamada,omar.yamada433@example.com,Marketing,62121,2022-01-04,"Istanbul,TR",yes,3.9,24
434,Rana Yamada,rana.yamada434@example.com,Data,70674,2021-07-31,"Peshawar,PK",no,4.0,3
435,Fatima Khan,fatima.khan435@example.com,HR,39658,2020-04-21,"London,UK",yes,1.8,12
436,Qasim Ahmed,qasim.ahmed436@example.com,HR,31436,2016-05-26,"Peshawar,PK",yes,1.8,12
437,Khadija Li,khadija.li437@example.com,HR,34935,2017-09-22,"Remote,PK",yes,3.9,11
438,Fatima Iqbal,fatima.iqbal438@example.com,HR,42585,2019-06-11,"San Francisco,US",yes,3.4,7
439,Ibrahim Malik,ibrahim.malik439@example.com,Data,94822,2015-09-09,"Dhaka,BD",no,3.5,2
440,Liam Ahmed,liam.ahmed440@example.com,Marketing,48915,2021-08-22,"Istanbul,TR",yes,3.8,12
441,Elena Ahmed,elena.ahmed441@example.com,Finance,87800,2020-05-26,"Hyderabad,PK",no,3.9,10
442,Rana Hassan,rana.hassan442@example.com,Marketing,47586,2023-02-07,"London,UK",no,4.1,11
443,Bilal Saeed,bilal.saeed443@example.com,Engineering,69580,2020-03-11,"Istanbul,TR",sometimes,3.4,14
444,Ibrahim Li,ibrahim.li444@example.com,Data,58177,2023-08-17,"Lahore,PK",sometimes,2.9,1
445,Tariq Nguyen,tariq.nguyen445@example.com,Sales,68170,2016-01-30,"Peshawar,PK",sometimes,3.4,24
446,Fatima Malik,fatima.malik446@example.com,Marketing,56142,2016-10-07,"Hyderabad,PK",sometimes,4.5,1
447,Nadia Li,nadia.li447@example.com,Marketing,46223,2022-08-24,"San Francisco,US",sometimes,3.2,6
448,Diego Sharma,diego.sharma448@example.com,Engineering,68133,2021-06-14,"Karachi,PK",no,3.7,25
449,Nadia Sharma,nadia.sharma449@example.com,Engineering,89090,2019-09-23,"London,UK",sometimes,5.0,18
450,Chen Raza,chen.raza450@example.com,HR,51936,2020-06-23,"Hyderabad,PK",no,3.3,13
451,Gopal Iqbal,gopal.iqbal451@example.com,Design,73831,2016-10-24,"San Francisco,US",yes,4.0,4
452,Liam Li,liam.li452@example.com,Customer Success,37120,2022-03-27,"London,UK",no,3.1,24
453,Gopal Kaur,gopal.kaur453@example.com,Finance,60711,2017-02-14,"Karachi,PK",yes,2.4,25
454,Priya Nguyen,priya.nguyen454@example.com,Engineering,96772,2016-04-15,"Karachi,PK",yes,4.3,22
455,Hiro Khan,hiro.khan455@example.com,Finance,90269,2015-08-18,"San Francisco,US",sometimes,3.2,22
456,Priya Patel,priya.patel456@example.com,Finance,82466,2021-05-25,"Dhaka,BD",sometimes,3.3,14
457,Maya Saeed,maya.saeed457@example.com,Sales,44283,2015-01-19,"Dhaka,BD",no,4.0,6
458,Priya Kaur,priya.kaur458@example.com,Finance,66037,2017-05-11,"Islamabad,PK",sometimes,3.0,2
459,Aisha Li,aisha.li459@example.com,Finance,82487,2024-10-31,"London,UK",no,2.4,6
460,Nadia Lopez,nadia.lopez460@example.com,Marketing,68216,2016-09-28,"Peshawar,PK",no,2.5,7
461,Priya Li,priya.li461@example.com,Engineering,94451,2023-09-04,"Remote,PK",yes,4.2,10
462,Ibrahim Li,ibrahim.li462@example.com,Finance,92874,2022-11-09,"Peshawar,PK",no,3.0,24
463,Jamal Ahmed,jamal.ahmed463@example.com,Design,56528,2023-12-28,"London,UK",yes,4.1,14
464,Diego Khan,diego.khan464@example.com,Product,96962,2020-06-01,"Lahore,PK",sometimes,2.4,20
465,Tariq Hassan,tariq.hassan465@example.com,Engineering,90348,2016-05-10,"Karachi,PK",no,4.6,20
466,Liam Cruz,liam.cruz466@example.com,Product,68357,2019-02-28,"Karachi,PK",yes,2.4,19
467,Jamal Li,jamal.li467@example.com,Sales,38836,2016-04-13,"Karachi,PK",yes,4.1,9
468,Ibrahim Lopez,ibrahim.lopez468@example.com,Marketing,47694,2023-10-31,"San Francisco,US",sometimes,3.4,8
469,Sofia Zhang,sofia.zhang469@example.com,Product,92715,2016-08-13,"Karachi,PK",no,3.4,5
470,Tariq Saeed,tariq.saeed470@example.com,Engineering,61203,2020-10-24,"Karachi,PK",no,3.3,9
471,Priya Iqbal,priya.iqbal471@example.com,Finance,57099,2015-12-20,"San Francisco,US",no,3.2,20
472,Nadia Ahmed,nadia.ahmed472@example.com,Engineering,82627,2022-05-25,"Remote,PK",yes,3.4,17
473,Qasim Zhang,qasim.zhang473@example.com,Product,100745,2023-06-08,"Istanbul,TR",sometimes,3.8,21
474,Rana Ali,rana.ali474@example.com,Customer Success,45711,2023-02-28,"Istanbul,TR",sometimes,3.9,21
475,Hiro Cruz,hiro.cruz475@example.com,Sales,54757,2017-06-14,"Peshawar,PK",sometimes,3.8,10
476,Diego Sharma,diego.sharma476@example.com,Finance,86451,2021-08-02,"San Francisco,US",no,3.5,3
477,Priya Zhang,priya.zhang477@example.com,Product,80015,2024-10-24,"Karachi,PK",sometimes,3.8,24
478,Khadija Saeed,khadija.saeed478@example.com,Product,88139,2018-04-16,"Karachi,PK",sometimes,3.0,22
479,Hiro Singh,hiro.singh479@example.com,Data,61167,2016-07-23,"Hyderabad,PK",yes,2.5,20
480,Chen Hussain,chen.hussain480@example.com,Finance,92761,2017-06-08,"Islamabad,PK",sometimes,2.9,0
481,Liam Hussain,liam.hussain481@example.com,Design,55903,2019-12-19,"Remote,PK",yes,2.7,3
482,Diego Yamada,diego.yamada482@example.com,Marketing,59223,2024-06-17,"Peshawar,PK",no,2.7,9
483,Aisha Khan,aisha.khan483@example.com,Design,80820,2017-01-09,"Lahore,PK",no,1.9,11
484,Aisha Saeed,aisha.saeed484@example.com,Data,68887,2021-06-27,"Lahore,PK",no,4.4,21
485,Fatima Hussain,fatima.hussain485@example.com,Marketing,75317,2022-09-03,"Hyderabad,PK",yes,3.4,5
486,Khadija Hassan,khadija.hassan486@example.com,Data,70712,2017-01-21,"Islamabad,PK",sometimes,3.6,22
487,Aisha Ahmed,aisha.ahmed487@example.com,HR,45629,2020-06-07,"Peshawar,PK",sometimes,4.8,16
488,Hiro Khan,hiro.khan488@example.com,Design,76353,2018-12-20,"Hyderabad,PK",yes,2.8,12
489,Diego Iqbal,diego.iqbal489@example.com,HR,44881,2020-01-04,"London,UK",yes,4.3,18
490,Hiro Garcia,hiro.garcia490@example.com,Data,73565,2018-03-05,"Istanbul,TR",yes,3.4,7
491,Qasim Lopez,qasim.lopez491@example.com,Sales,66924,2015-01-22,"Peshawar,PK",yes,3.4,16
492,Nadia Raza,nadia.raza492@example.com,Sales,35229,2015-09-28,"Peshawar,PK",no,2.9,20
493,Hiro Patel,hiro.patel493@example.com,Data,84864,2020-03-12,"Karachi,PK",no,2.7,2
494,Elena Hussain,elena.hussain494@example.com,Data,61907,2018-09-18,"London,UK",sometimes,2.5,1
495,Qasim Patel,qasim.patel495@example.com,Data,83487,2020-09-15,"Karachi,PK",yes,2.5,13
496,Fatima Ahmed,fatima.ahmed496@example.com,Sales,38621,2016-02-15,"Dhaka,BD",no,2.7,16
497,Tariq Singh,tariq.singh497@example.com,Product,95385,2019-08-01,"Islamabad,PK",sometimes,1.8,23
498,Liam Iqbal,liam.iqbal498@example.com,Customer Success,48542,2020-11-30,"Islamabad,PK",no,4.9,11
499,Elena Garcia,elena.garcia499@example.com,Data,68043,2023-03-10,"London,UK",sometimes,3.1,12
500,Aisha Saeed,aisha.saeed500@example.com,Product,75987,2016-05-21,"Remote,PK",sometimes,3.5,19
